j,s,run_1,run_2,run_3,run_4,run_5,average_absolute_error
1,10,7.74,7.74,7.74,7.74,6.840000000000002,7.5600000000000005
1,200,6.777000000000001,6.777000000000001,6.462,6.911999999999999,7.001999999999999,6.786
1,400,6.8355000000000015,6.8580000000000005,6.678000000000001,6.700500000000002,6.813000000000001,6.777000000000001
1,600,6.708,6.678000000000001,6.767999999999999,6.513,6.423,6.618
1,800,7.022250000000001,6.876000000000001,6.786000000000001,6.729749999999999,6.8535,6.853500000000001
1,1000,6.704999999999999,6.596999999999999,6.732,6.750000000000001,6.777,6.7122
2,10,6.840000000000002,5.039999999999999,5.039999999999999,5.039999999999999,2.3400000000000003,4.86
2,200,4.751999999999999,4.437000000000001,4.706999999999999,4.437000000000001,4.662,4.598999999999999
2,400,4.5855000000000015,5.035500000000001,4.5405,4.5405,4.810499999999999,4.702500000000001
2,600,4.848000000000001,4.638,4.683,4.667999999999999,4.757999999999999,4.718999999999999
2,800,4.659750000000001,4.772250000000001,4.626000000000001,4.985999999999999,5.01975,4.812750000000001
2,1000,4.392,4.635,4.814999999999999,4.580999999999999,4.571999999999998,4.598999999999999
3,10,3.2399999999999998,3.2399999999999998,3.2399999999999998,1.4399999999999995,0.54,2.34
3,200,2.817,2.367,2.7720000000000002,2.952,2.5470000000000006,2.6910000000000003
3,400,2.470500000000001,2.6504999999999996,2.5155,2.1554999999999995,2.448,2.448
3,600,2.567999999999999,2.5979999999999994,2.6729999999999996,2.7479999999999998,2.7479999999999998,2.6669999999999994
3,800,2.7922500000000006,2.4884999999999997,2.6235000000000004,2.61225,2.63475,2.63025
3,1000,2.583,2.7,2.502,2.672999999999999,2.5379999999999994,2.5991999999999997
4,10,2.3400000000000003,3.2399999999999998,3.2399999999999998,3.2399999999999998,-0.3600000000000001,2.484
4,200,1.6920000000000002,2.0520000000000005,1.6920000000000002,1.6470000000000002,1.6920000000000002,1.7550000000000003
4,400,1.5704999999999996,1.4805000000000001,1.7504999999999997,1.6605000000000003,1.6380000000000003,1.6199999999999999
4,600,1.5330000000000004,1.6229999999999998,1.7129999999999996,1.488,1.3679999999999999,1.545
4,800,1.6785,1.7685,1.80225,1.5659999999999994,1.3522499999999993,1.6334999999999997
4,1000,1.5119999999999998,1.4669999999999999,1.7459999999999998,1.4400000000000002,1.5569999999999993,1.5444
5,10,0.54,0.54,2.3400000000000003,2.3400000000000003,5.940000000000001,2.3400000000000007
5,200,0.7920000000000003,1.1069999999999998,1.0169999999999995,1.7369999999999997,1.1520000000000001,1.1609999999999998
5,400,1.4130000000000003,1.4805000000000001,0.9855,1.5704999999999996,1.6605000000000003,1.4220000000000002
5,600,1.053,1.3529999999999998,1.488,1.263,1.4129999999999998,1.314
5,800,1.17225,1.21725,1.0372499999999998,1.21725,1.2622500000000003,1.18125
5,1000,1.1429999999999996,0.873,1.1789999999999996,1.188,1.4759999999999993,1.1717999999999997
6,10,1.4399999999999995,-0.3600000000000001,1.4399999999999995,1.4399999999999995,1.4399999999999995,1.2239999999999998
6,200,0.8370000000000002,0.9270000000000005,0.8370000000000002,1.4220000000000006,1.242,1.0530000000000004
6,400,0.7605,1.0304999999999995,0.6930000000000001,1.008,1.0304999999999995,0.9044999999999999
6,600,0.8729999999999998,0.9179999999999997,0.948,1.0380000000000003,1.0380000000000003,0.9629999999999999
6,800,1.0147499999999998,0.9697499999999999,1.0822499999999997,0.891,0.9810000000000003,0.9877499999999999
6,1000,0.873,0.9269999999999994,0.9179999999999995,1.0889999999999997,0.72,0.9053999999999996
7,10,1.4399999999999995,0.54,-0.3600000000000001,0.54,0.54,0.6839999999999999
7,200,0.702,0.8370000000000002,0.6120000000000001,1.0620000000000003,0.3420000000000001,0.7110000000000001
7,400,0.6480000000000001,0.8055000000000003,0.8055000000000003,0.6480000000000001,0.4005000000000001,0.6615000000000002
7,600,0.8880000000000003,0.6480000000000001,0.7829999999999999,0.6480000000000001,1.0230000000000001,0.7980000000000002
7,800,0.6772499999999999,0.8122499999999997,0.621,0.6772499999999999,0.4747499999999998,0.6524999999999999
7,1000,0.6929999999999998,0.6569999999999998,0.792,0.5579999999999996,0.837,0.7073999999999998
8,10,1.4399999999999995,0.54,0.54,-0.3600000000000001,-0.3600000000000001,0.648
8,200,0.387,0.252,0.702,1.1069999999999998,0.5219999999999998,0.5939999999999999
8,400,0.5805000000000002,0.5579999999999998,0.5805000000000002,0.5579999999999998,0.8730000000000007,0.6300000000000001
8,600,0.4079999999999999,0.5579999999999998,0.528,0.8880000000000003,0.528,0.5820000000000001
8,800,0.6659999999999999,0.5310000000000001,0.8009999999999997,0.6097499999999996,0.4860000000000002,0.6187499999999999
8,1000,0.369,0.8910000000000002,0.5759999999999998,0.369,0.369,0.5147999999999999
9,10,0.54,1.4399999999999995,2.3400000000000003,0.54,4.139999999999999,1.8
9,200,0.2070000000000003,0.387,0.11700000000000021,0.16199999999999992,0.657,0.3060000000000001
9,400,0.7830000000000004,0.2879999999999998,0.5354999999999999,0.7605,0.6255000000000002,0.5985
9,600,0.4679999999999995,0.843,0.6629999999999998,0.4979999999999998,0.6329999999999996,0.6209999999999998
9,800,0.23849999999999993,0.36224999999999996,0.6435,0.6435,0.5535000000000001,0.48825
9,1000,0.44999999999999996,0.44100000000000006,0.34199999999999986,0.5039999999999998,0.44100000000000006,0.4356
10,10,-0.3600000000000001,0.54,0.54,-0.3600000000000001,0.54,0.4680000000000001
10,200,0.657,0.4770000000000003,0.5219999999999998,0.3420000000000001,0.11700000000000021,0.42300000000000004
10,400,0.35550000000000015,0.5579999999999998,0.5354999999999999,0.3105000000000002,0.3780000000000001,0.42750000000000005
10,600,0.31800000000000006,0.5879999999999996,0.21299999999999986,0.12299999999999978,0.42300000000000004,0.33299999999999985
10,800,0.6097499999999996,0.6997499999999999,0.08099999999999996,0.5647500000000001,0.5422500000000001,0.49949999999999994
10,1000,0.4680000000000002,0.3149999999999997,0.20699999999999963,0.32399999999999984,0.5129999999999997,0.36539999999999984
11,10,0.54,0.54,0.54,2.3400000000000003,-0.3600000000000001,0.8640000000000001
11,200,-0.018000000000000238,0.252,-0.15300000000000002,0.5670000000000002,0.07199999999999984,0.21240000000000006
11,400,0.46799999999999997,0.6930000000000001,0.15300000000000002,0.2879999999999998,0.5579999999999998,0.43199999999999994
11,600,0.2729999999999999,0.19799999999999995,0.4679999999999995,0.258,0.43800000000000017,0.3269999999999999
11,800,0.4634999999999998,0.41849999999999987,0.4860000000000002,0.32849999999999957,0.6884999999999999,0.47699999999999987
11,1000,0.39600000000000013,0.24299999999999966,0.23399999999999976,0.17100000000000004,0.34199999999999986,0.2771999999999999
12,10,-1.2600000000000002,0.54,1.4399999999999995,1.4399999999999995,1.4399999999999995,1.2239999999999998
12,200,0.6120000000000001,0.5670000000000002,0.7920000000000003,0.07199999999999984,-0.19799999999999995,0.44820000000000004
12,400,-0.1844999999999999,0.018000000000000016,0.22050000000000036,0.44550000000000045,0.42300000000000004,0.25830000000000014
12,600,0.1529999999999998,0.19799999999999995,0.45299999999999985,0.45299999999999985,0.43800000000000017,0.3389999999999999
12,800,0.2947499999999996,0.5422500000000001,0.36224999999999996,0.3959999999999999,0.4634999999999998,0.4117499999999999
12,1000,0.2879999999999998,0.32399999999999984,0.29699999999999993,0.3149999999999997,0.23399999999999976,0.2915999999999998
13,10,-0.3600000000000001,-0.3600000000000001,1.4399999999999995,1.4399999999999995,-1.2600000000000002,0.9719999999999999
13,200,-0.19799999999999995,0.5670000000000002,0.11700000000000021,0.29700000000000015,0.387,0.3132000000000001
13,400,0.3105000000000002,0.42300000000000004,0.24300000000000033,-0.027000000000000135,0.42300000000000004,0.28530000000000016
13,600,0.39300000000000024,0.16800000000000015,0.19799999999999995,0.1529999999999998,0.19799999999999995,0.22200000000000003
13,800,0.45225000000000004,0.22724999999999973,0.3397499999999998,0.22724999999999973,0.3059999999999998,0.31049999999999983
13,1000,0.2609999999999999,0.4139999999999999,0.4139999999999999,0.2699999999999998,0.34199999999999986,0.3401999999999999
14,10,-1.2600000000000002,3.2399999999999998,0.54,-0.3600000000000001,1.4399999999999995,1.3679999999999999
14,200,-0.15300000000000002,0.387,0.07199999999999984,0.4320000000000004,0.29700000000000015,0.2682000000000001
14,400,0.4905000000000004,0.46799999999999997,0.1755,0.35550000000000015,0.6030000000000002,0.41850000000000015
14,600,0.34799999999999986,0.33299999999999996,0.2729999999999999,-0.07200000000000006,0.19799999999999995,0.24479999999999996
14,800,0.24975000000000014,0.45225000000000004,0.2947499999999996,0.7334999999999998,0.3059999999999998,0.4072499999999999
14,1000,0.32399999999999984,0.135,0.2789999999999997,0.2789999999999997,0.23399999999999976,0.2501999999999998
15,10,-0.3600000000000001,-1.2600000000000002,-0.3600000000000001,2.3400000000000003,2.3400000000000003,1.332
15,200,0.252,0.3420000000000001,0.16199999999999992,0.4320000000000004,0.4320000000000004,0.3240000000000002
15,400,0.1080000000000001,0.018000000000000016,0.06300000000000017,0.33299999999999996,0.08549999999999991,0.12150000000000002
15,600,0.31800000000000006,0.017999999999999794,0.12299999999999978,0.4079999999999999,0.16800000000000015,0.20699999999999993
15,800,0.351,0.2610000000000001,0.36224999999999996,0.17100000000000004,0.42974999999999985,0.315
15,1000,0.12599999999999967,0.06299999999999994,0.07199999999999962,-4.440892098500626e-16,0.17999999999999972,0.08819999999999988
16,10,3.2399999999999998,1.4399999999999995,-0.3600000000000001,0.54,-0.3600000000000001,1.1880000000000002
16,200,0.7920000000000003,0.027000000000000135,0.3420000000000001,0.29700000000000015,0.252,0.34200000000000014
16,400,0.1755,-0.11699999999999977,0.15300000000000002,0.13050000000000028,0.3105000000000002,0.17730000000000007
16,600,-0.08700000000000019,0.2729999999999999,0.2879999999999998,0.18299999999999983,-0.10200000000000009,0.18659999999999996
16,800,0.3847499999999999,0.3734999999999997,0.15974999999999984,0.13724999999999987,0.4747499999999998,0.3059999999999998
16,1000,0.08099999999999996,0.017999999999999572,0.22499999999999987,0.24299999999999966,0.17100000000000004,0.14759999999999981
17,10,1.4399999999999995,-1.2600000000000002,0.54,-0.3600000000000001,0.54,0.828
17,200,0.3420000000000001,0.2070000000000003,0.5670000000000002,0.11700000000000021,0.387,0.3240000000000002
17,400,0.1755,0.3105000000000002,0.018000000000000016,0.35550000000000015,-0.027000000000000135,0.1773000000000001
17,600,0.16800000000000015,0.30299999999999994,0.1379999999999999,0.22799999999999976,0.42300000000000004,0.25199999999999995
17,800,0.20475,0.2722499999999999,0.11474999999999991,0.20475,0.19349999999999978,0.1979999999999999
17,1000,0.10799999999999965,0.07199999999999962,0.12599999999999967,-0.01800000000000046,0.053999999999999604,0.0755999999999998
18,10,0.54,-0.3600000000000001,0.54,1.4399999999999995,0.54,0.6839999999999999
18,200,-0.19799999999999995,-0.1080000000000001,0.16199999999999992,0.5219999999999998,0.11700000000000021,0.22139999999999999
18,400,0.24300000000000033,-0.0045000000000001705,0.018000000000000016,0.3780000000000001,0.46799999999999997,0.2223000000000001
18,600,0.45299999999999985,0.2879999999999998,0.09299999999999997,-0.04200000000000004,0.1529999999999998,0.2057999999999999
18,800,0.1822499999999998,0.22724999999999973,0.3059999999999998,0.2722499999999999,0.12599999999999967,0.22274999999999978
18,1000,0.08999999999999964,0.18900000000000006,0.12599999999999967,-0.10800000000000032,0.10799999999999965,0.12419999999999987
19,10,3.2399999999999998,0.54,-1.2600000000000002,-1.2600000000000002,0.54,1.368
19,200,0.07199999999999984,0.16199999999999992,0.07199999999999984,0.252,0.387,0.18899999999999992
19,400,-0.11699999999999977,0.3105000000000002,-0.09450000000000003,-0.2745000000000002,-0.0045000000000001705,0.16020000000000006
19,600,0.017999999999999794,0.19799999999999995,0.0030000000000001137,0.032999999999999696,0.21299999999999986,0.09299999999999989
19,800,0.32849999999999957,0.08099999999999996,0.17100000000000004,0.08099999999999996,0.04724999999999957,0.14174999999999982
19,1000,0.08999999999999964,0.06299999999999994,0.053999999999999604,0.14399999999999968,0.22499999999999987,0.11519999999999975
20,10,1.4399999999999995,0.54,-1.2600000000000002,0.54,-0.3600000000000001,0.828
20,200,0.4320000000000004,-0.19799999999999995,0.16199999999999992,0.387,0.4320000000000004,0.32220000000000015
20,400,-0.027000000000000135,0.24300000000000033,0.1755,0.22050000000000036,0.15300000000000002,0.16380000000000017
20,600,0.09299999999999997,0.09299999999999997,0.16800000000000015,0.2879999999999998,-0.11699999999999999,0.1518
20,800,0.36224999999999996,0.11474999999999991,0.14849999999999985,0.20475,0.10349999999999993,0.18674999999999992
20,1000,0.03599999999999959,0.20699999999999963,-0.027000000000000135,0.08999999999999964,0.24299999999999966,0.12059999999999974
21,10,-1.2600000000000002,2.3400000000000003,1.4399999999999995,-0.3600000000000001,2.3400000000000003,1.548
21,200,0.4770000000000003,0.07199999999999984,0.5670000000000002,-0.06299999999999994,0.11700000000000021,0.2592000000000001
21,400,0.13050000000000028,-0.04949999999999988,0.5579999999999998,-0.07199999999999962,-0.0045000000000001705,0.16289999999999996
21,600,0.032999999999999696,0.06299999999999972,0.18299999999999983,0.1379999999999999,0.09299999999999997,0.10199999999999983
21,800,0.23849999999999993,0.2610000000000001,0.20475,-0.02024999999999988,0.23849999999999993,0.19259999999999997
21,1000,0.03599999999999959,0.026999999999999913,0.2519999999999998,0.07199999999999962,0.21599999999999975,0.12059999999999974
22,10,1.4399999999999995,-0.3600000000000001,-0.3600000000000001,-0.3600000000000001,1.4399999999999995,0.7919999999999998
22,200,-0.46799999999999997,0.11700000000000021,0.027000000000000135,-0.1080000000000001,-0.15300000000000002,0.1746000000000001
22,400,0.3105000000000002,0.22050000000000036,0.1080000000000001,0.08549999999999991,0.35550000000000015,0.21600000000000014
22,600,0.19799999999999995,-0.057000000000000384,0.39300000000000024,0.0030000000000001137,-0.16200000000000014,0.16260000000000016
22,800,0.13724999999999987,0.3059999999999998,0.058499999999999774,0.23849999999999993,0.024749999999999828,0.15299999999999986
22,1000,-0.09000000000000008,0.18900000000000006,-0.09000000000000008,0.008999999999999897,0.2699999999999998,0.1296
23,10,1.4399999999999995,0.54,0.54,0.54,-1.2600000000000002,0.8640000000000001
23,200,-0.19799999999999995,0.027000000000000135,-0.15300000000000002,-0.46799999999999997,0.2070000000000003,0.21060000000000006
23,400,0.1755,0.2879999999999998,-0.07199999999999962,0.13050000000000028,0.1755,0.16829999999999995
23,600,-0.16200000000000014,-0.057000000000000384,0.1379999999999999,0.10799999999999965,0.16800000000000015,0.12660000000000005
23,800,0.11474999999999991,0.3847499999999999,0.45225000000000004,0.23849999999999993,0.21599999999999975,0.2812499999999999
23,1000,-0.01800000000000046,-0.027000000000000135,0.15300000000000002,0.026999999999999913,0.03599999999999959,0.052200000000000024
24,10,1.4399999999999995,0.54,0.54,1.4399999999999995,-0.3600000000000001,0.8639999999999999
24,200,0.11700000000000021,-0.19799999999999995,-0.06299999999999994,0.3420000000000001,-0.018000000000000238,0.1476000000000001
24,400,0.0405000000000002,0.22050000000000036,0.26550000000000007,0.22050000000000036,0.3105000000000002,0.21150000000000024
24,600,0.07800000000000007,0.017999999999999794,0.0030000000000001137,-0.04200000000000004,-0.14700000000000024,0.057600000000000054
24,800,0.058499999999999774,0.024749999999999828,0.013499999999999623,0.3959999999999999,0.0022500000000000853,0.09899999999999984
24,1000,-0.04500000000000015,0.008999999999999897,0.04499999999999993,0.09899999999999998,0.20699999999999963,0.08099999999999992
25,10,0.54,1.4399999999999995,1.4399999999999995,-1.2600000000000002,1.4399999999999995,1.2239999999999998
25,200,0.5670000000000002,-0.19799999999999995,-0.3779999999999999,-0.06299999999999994,0.11700000000000021,0.26460000000000006
25,400,0.0405000000000002,-0.04949999999999988,-0.027000000000000135,-0.09450000000000003,0.3105000000000002,0.10440000000000009
25,600,0.16800000000000015,0.31800000000000006,0.032999999999999696,-0.19200000000000017,-0.01200000000000001,0.1446
25,800,0.04724999999999957,-0.2789999999999999,0.36224999999999996,0.13724999999999987,0.3059999999999998,0.22634999999999983
25,1000,-0.0990000000000002,0.04499999999999993,0.2879999999999998,0.08999999999999964,-0.10800000000000032,0.12599999999999997
26,10,-1.2600000000000002,1.4399999999999995,-0.3600000000000001,1.4399999999999995,-0.3600000000000001,0.9719999999999999
26,200,0.29700000000000015,0.16199999999999992,-0.19799999999999995,-0.1080000000000001,-0.018000000000000238,0.15660000000000007
26,400,-0.07199999999999962,-0.027000000000000135,-0.027000000000000135,0.3780000000000001,-0.11699999999999977,0.12419999999999995
26,600,0.18299999999999983,0.017999999999999794,0.07800000000000007,0.0030000000000001137,0.0030000000000001137,0.05699999999999998
26,800,0.15974999999999984,0.2835000000000001,0.2835000000000001,0.0022500000000000853,0.013499999999999623,0.14849999999999994
26,1000,0.017999999999999572,-0.1260000000000001,0.1619999999999997,-0.009000000000000119,0.026999999999999913,0.06839999999999988
27,10,0.54,0.54,0.54,-0.3600000000000001,-0.3600000000000001,0.4680000000000001
27,200,0.2070000000000003,-0.1080000000000001,-0.06299999999999994,0.16199999999999992,0.11700000000000021,0.1314000000000001
27,400,-0.027000000000000135,0.1080000000000001,0.1080000000000001,-0.0045000000000001705,-0.027000000000000135,0.05490000000000013
27,600,0.22799999999999976,0.10799999999999965,0.0030000000000001137,0.10799999999999965,-0.13200000000000012,0.11579999999999986
27,800,-0.02024999999999988,0.3959999999999999,0.024749999999999828,0.04724999999999957,0.2947499999999996,0.15659999999999977
27,1000,-0.2070000000000003,0.17100000000000004,0.04499999999999993,0.053999999999999604,-0.06300000000000017,0.10800000000000001
28,10,1.4399999999999995,1.4399999999999995,1.4399999999999995,1.4399999999999995,0.54,1.2599999999999996
28,200,-0.06299999999999994,-0.018000000000000238,0.2070000000000003,-0.33299999999999974,-0.06299999999999994,0.13680000000000003
28,400,0.06300000000000017,0.15300000000000002,0.44550000000000045,0.06300000000000017,0.1080000000000001,0.16650000000000018
28,600,-0.04200000000000004,-0.027000000000000135,-0.027000000000000135,-0.01200000000000001,0.017999999999999794,0.02520000000000002
28,800,0.20475,0.19349999999999978,0.2722499999999999,0.15974999999999984,0.013499999999999623,0.16874999999999982
28,1000,0.08999999999999964,-0.08100000000000018,-0.13500000000000023,-0.17100000000000026,-0.027000000000000135,0.10080000000000008
29,10,-0.3600000000000001,0.54,2.3400000000000003,-0.3600000000000001,3.2399999999999998,1.3679999999999999
29,200,0.4320000000000004,-0.3779999999999999,-0.06299999999999994,0.16199999999999992,-0.1080000000000001,0.22860000000000005
29,400,0.0405000000000002,-0.07199999999999962,0.24300000000000033,0.018000000000000016,0.3105000000000002,0.1368000000000001
29,600,0.1379999999999999,0.09299999999999997,0.18299999999999983,-0.04200000000000004,0.12299999999999978,0.1157999999999999
29,800,0.08099999999999996,-0.02024999999999988,-0.07650000000000001,0.10349999999999993,0.024749999999999828,0.06119999999999992
29,1000,0.11699999999999999,-0.0990000000000002,-0.04500000000000015,-0.06300000000000017,-0.01800000000000046,0.0684000000000002
30,10,1.4399999999999995,-0.3600000000000001,3.2399999999999998,0.54,2.3400000000000003,1.584
30,200,-0.15300000000000002,0.4320000000000004,0.252,0.387,0.5219999999999998,0.34920000000000007
30,400,-0.13949999999999996,0.3105000000000002,0.1080000000000001,0.15300000000000002,0.15300000000000002,0.17280000000000006
30,600,-0.01200000000000001,0.06299999999999972,-0.07200000000000006,-0.027000000000000135,0.30299999999999994,0.09539999999999997
30,800,0.14849999999999985,-0.1665000000000001,0.03599999999999959,0.09224999999999972,0.21599999999999975,0.1318499999999998
30,1000,0.017999999999999572,-0.13500000000000023,0.04499999999999993,-0.09000000000000008,-0.04500000000000015,0.06659999999999999
31,10,-0.3600000000000001,-0.3600000000000001,-0.3600000000000001,1.4399999999999995,0.54,0.6119999999999999
31,200,0.3420000000000001,-0.33299999999999974,0.11700000000000021,0.16199999999999992,-0.06299999999999994,0.20339999999999997
31,400,0.15300000000000002,0.19800000000000018,0.22050000000000036,0.35550000000000015,-0.027000000000000135,0.19080000000000016
31,600,0.06299999999999972,-0.057000000000000384,-0.08700000000000019,0.0030000000000001137,0.017999999999999794,0.04560000000000004
31,800,0.13724999999999987,-0.0990000000000002,0.12599999999999967,0.22724999999999973,0.23849999999999993,0.1655999999999999
31,1000,0.1619999999999997,0.04499999999999993,0.06299999999999994,0.053999999999999604,0.008999999999999897,0.06659999999999981
32,10,-0.3600000000000001,0.54,-0.3600000000000001,-0.3600000000000001,1.4399999999999995,0.6119999999999999
32,200,-0.1080000000000001,-0.19799999999999995,0.252,0.2070000000000003,0.027000000000000135,0.1584000000000001
32,400,0.22050000000000036,-0.09450000000000003,0.018000000000000016,0.0405000000000002,-0.29699999999999993,0.1341000000000001
32,600,0.04800000000000004,0.017999999999999794,-0.19200000000000017,-0.2070000000000003,0.07800000000000007,0.10860000000000007
32,800,0.1822499999999998,0.10349999999999993,-0.042750000000000066,0.2610000000000001,-0.009000000000000119,0.1197
32,1000,0.10799999999999965,0.10799999999999965,-0.1260000000000001,-0.036000000000000476,0.04499999999999993,0.08459999999999997
33,10,0.54,-1.2600000000000002,-0.3600000000000001,-0.3600000000000001,0.54,0.6120000000000001
33,200,-0.3779999999999999,-0.15300000000000002,-0.06299999999999994,-0.06299999999999994,-0.018000000000000238,0.135
33,400,0.33299999999999996,-0.027000000000000135,-0.027000000000000135,0.26550000000000007,0.13050000000000028,0.15660000000000013
33,600,0.0030000000000001137,0.12299999999999978,0.1529999999999998,0.0030000000000001137,-0.17700000000000005,0.09179999999999996
33,800,0.15974999999999984,0.2722499999999999,0.11474999999999991,0.44099999999999984,0.013499999999999623,0.20024999999999982
33,1000,-0.05400000000000049,-0.036000000000000476,-4.440892098500626e-16,-0.06300000000000017,0.08099999999999996,0.04680000000000031
34,10,-1.2600000000000002,1.4399999999999995,-1.2600000000000002,0.54,2.3400000000000003,1.3679999999999999
34,200,-0.1080000000000001,-0.19799999999999995,0.11700000000000021,-0.19799999999999995,-0.06299999999999994,0.13680000000000003
34,400,0.1080000000000001,-0.07199999999999962,-0.34199999999999986,-0.09450000000000003,0.0405000000000002,0.13139999999999996
34,600,-0.027000000000000135,-0.2520000000000002,0.04800000000000004,0.017999999999999794,-0.2370000000000001,0.11640000000000006
34,800,0.15974999999999984,0.13724999999999987,0.1822499999999998,0.13724999999999987,0.2610000000000001,0.1754999999999999
34,1000,0.17100000000000004,-0.009000000000000119,-0.07200000000000051,0.053999999999999604,-4.440892098500626e-16,0.06120000000000014
35,10,0.54,1.4399999999999995,0.54,0.54,-1.2600000000000002,0.8640000000000001
35,200,-0.018000000000000238,-0.2430000000000001,-0.28800000000000026,0.387,0.11700000000000021,0.21060000000000018
35,400,0.018000000000000016,0.4005000000000001,-0.0045000000000001705,0.13050000000000028,0.4905000000000004,0.20880000000000018
35,600,-0.2070000000000003,-0.14700000000000024,-0.07200000000000006,-0.10200000000000009,-0.22199999999999998,0.15000000000000013
35,800,0.17100000000000004,0.058499999999999774,0.15974999999999984,0.15974999999999984,0.12599999999999967,0.13499999999999984
35,1000,0.053999999999999604,-0.18900000000000028,-0.04500000000000015,-0.08100000000000018,0.026999999999999913,0.07920000000000002
36,10,0.54,1.4399999999999995,1.4399999999999995,-0.3600000000000001,1.4399999999999995,1.0439999999999998
36,200,-0.06299999999999994,-0.15300000000000002,0.07199999999999984,0.11700000000000021,0.252,0.13140000000000002
36,400,0.26550000000000007,0.0405000000000002,0.1080000000000001,-0.027000000000000135,-0.13949999999999996,0.11610000000000009
36,600,0.1379999999999999,0.18299999999999983,0.24299999999999988,-0.11699999999999999,0.07800000000000007,0.15179999999999993
36,800,0.013499999999999623,0.17100000000000004,0.22724999999999973,0.17100000000000004,0.11474999999999991,0.13949999999999987
36,1000,0.053999999999999604,-4.440892098500626e-16,0.053999999999999604,-0.18000000000000038,-0.17100000000000026,0.09180000000000006
37,10,0.54,0.54,0.54,0.54,1.4399999999999995,0.72
37,200,-0.15300000000000002,-0.018000000000000238,0.07199999999999984,0.3420000000000001,0.387,0.19440000000000004
37,400,-0.04949999999999988,-0.3869999999999998,0.06300000000000017,0.19800000000000018,0.22050000000000036,0.18360000000000007
37,600,-0.10200000000000009,-0.2070000000000003,0.032999999999999696,0.017999999999999794,0.16800000000000015,0.1056
37,800,0.15974999999999984,0.058499999999999774,0.21599999999999975,0.024749999999999828,0.08099999999999996,0.10799999999999983
37,1000,0.07199999999999962,-0.04500000000000015,0.15300000000000002,-0.2070000000000003,0.03599999999999959,0.10259999999999994
38,10,0.54,1.4399999999999995,0.54,-1.2600000000000002,0.54,0.8640000000000001
38,200,0.027000000000000135,0.7469999999999999,-0.018000000000000238,0.5670000000000002,0.07199999999999984,0.28620000000000007
38,400,-0.0045000000000001705,0.018000000000000016,0.33299999999999996,0.13050000000000028,-0.0045000000000001705,0.09810000000000012
38,600,-0.13200000000000012,0.0030000000000001137,-0.01200000000000001,0.0030000000000001137,-0.10200000000000009,0.05040000000000009
38,800,0.2610000000000001,-0.02024999999999988,-0.03149999999999986,-0.08775000000000022,-0.05400000000000027,0.09090000000000006
38,1000,-0.14400000000000035,0.008999999999999897,-0.05400000000000049,0.09899999999999998,-0.01800000000000046,0.06480000000000023
39,10,-0.3600000000000001,-0.3600000000000001,1.4399999999999995,1.4399999999999995,0.54,0.8279999999999997
39,200,-0.19799999999999995,0.252,-0.018000000000000238,0.07199999999999984,-0.018000000000000238,0.11160000000000006
39,400,0.0405000000000002,0.26550000000000007,-0.04949999999999988,-0.1844999999999999,-0.16199999999999992,0.1404
39,600,-0.08700000000000019,0.21299999999999986,-0.07200000000000006,0.19799999999999995,0.12299999999999978,0.13859999999999997
39,800,0.21599999999999975,0.23849999999999993,0.058499999999999774,0.11474999999999991,-0.06525000000000003,0.1385999999999999
39,1000,-0.18900000000000028,-0.05400000000000049,-0.18900000000000028,0.17100000000000004,0.08999999999999964,0.13860000000000014
40,10,-0.3600000000000001,1.4399999999999995,1.4399999999999995,3.2399999999999998,-0.3600000000000001,1.3679999999999999
40,200,-0.018000000000000238,-0.33299999999999974,-0.33299999999999974,-0.42300000000000004,0.3420000000000001,0.28979999999999995
40,400,-0.0045000000000001705,-0.07199999999999962,-0.20699999999999985,-0.07199999999999962,-0.04949999999999988,0.08099999999999982
40,600,0.16800000000000015,0.1379999999999999,0.19799999999999995,-0.08700000000000019,-0.13200000000000012,0.14460000000000006
40,800,-0.06525000000000003,-0.05400000000000027,0.20475,0.013499999999999623,0.10349999999999993,0.08819999999999997
40,1000,-0.08100000000000018,-0.0990000000000002,-0.26100000000000034,-0.13500000000000023,-0.2250000000000003,0.16020000000000026
41,10,0.54,2.3400000000000003,0.54,1.4399999999999995,1.4399999999999995,1.2599999999999998
41,200,-0.15300000000000002,-0.15300000000000002,-0.28800000000000026,0.29700000000000015,0.2070000000000003,0.21960000000000016
41,400,0.08549999999999991,-0.3869999999999998,0.1080000000000001,-0.027000000000000135,-0.04949999999999988,0.13139999999999996
41,600,0.07800000000000007,0.16800000000000015,0.04800000000000004,-0.17700000000000005,0.09299999999999997,0.11280000000000005
41,800,0.13724999999999987,-0.03149999999999986,0.04724999999999957,0.22724999999999973,-0.03149999999999986,0.09494999999999978
41,1000,0.03599999999999959,0.10799999999999965,0.10799999999999965,0.19799999999999973,-0.17100000000000026,0.12419999999999978
42,10,0.54,0.54,1.4399999999999995,-1.2600000000000002,-1.2600000000000002,1.008
42,200,-0.33299999999999974,-0.15300000000000002,-0.3779999999999999,0.07199999999999984,0.29700000000000015,0.24659999999999993
42,400,-0.0045000000000001705,-0.04949999999999988,-0.13949999999999996,-0.11699999999999977,0.26550000000000007,0.11519999999999997
42,600,-0.07200000000000006,-0.19200000000000017,0.22799999999999976,0.1529999999999998,-0.13200000000000012,0.15539999999999998
42,800,-0.03149999999999986,-0.02024999999999988,0.058499999999999774,0.2722499999999999,0.2722499999999999,0.13094999999999984
42,1000,-0.19800000000000018,-0.11700000000000021,-0.05400000000000049,-0.04500000000000015,-4.440892098500626e-16,0.08280000000000029
43,10,-1.2600000000000002,0.54,-0.3600000000000001,0.54,1.4399999999999995,0.828
43,200,0.07199999999999984,-0.1080000000000001,0.027000000000000135,0.11700000000000021,-0.28800000000000026,0.1224000000000001
43,400,-0.1844999999999999,-0.1844999999999999,-0.1844999999999999,0.15300000000000002,0.26550000000000007,0.19439999999999996
43,600,-0.04200000000000004,0.0030000000000001137,-0.2370000000000001,-0.08700000000000019,-0.3270000000000004,0.13920000000000016
43,800,-0.06525000000000003,0.08099999999999996,0.17100000000000004,-0.18900000000000028,0.08099999999999996,0.11745000000000005
43,1000,-0.01800000000000046,-0.14400000000000035,-0.07200000000000051,-0.11700000000000021,-0.01800000000000046,0.0738000000000004
44,10,0.54,3.2399999999999998,-1.2600000000000002,-1.2600000000000002,-0.3600000000000001,1.3320000000000003
44,200,0.5670000000000002,0.07199999999999984,0.4320000000000004,0.027000000000000135,-0.19799999999999995,0.2592000000000001
44,400,0.08549999999999991,0.018000000000000016,-0.0045000000000001705,0.0405000000000002,0.24300000000000033,0.07830000000000012
44,600,-0.04200000000000004,-0.2070000000000003,0.07800000000000007,-0.057000000000000384,-0.22199999999999998,0.12120000000000015
44,800,0.3397499999999998,0.13724999999999987,0.08099999999999996,-0.05400000000000027,0.3959999999999999,0.20159999999999995
44,1000,-0.06300000000000017,0.10799999999999965,-0.06300000000000017,0.04499999999999993,-0.16200000000000014,0.08820000000000001
45,10,-0.3600000000000001,-0.3600000000000001,1.4399999999999995,1.4399999999999995,-0.3600000000000001,0.7919999999999998
45,200,-0.15300000000000002,-0.15300000000000002,0.16199999999999992,0.11700000000000021,0.07199999999999984,0.13140000000000002
45,400,-0.16199999999999992,0.1080000000000001,0.5579999999999998,-0.09450000000000003,0.08549999999999991,0.20159999999999995
45,600,0.16800000000000015,-0.057000000000000384,0.09299999999999997,-0.057000000000000384,-0.07200000000000006,0.08940000000000019
45,800,-0.12150000000000016,0.03599999999999959,0.13724999999999987,-0.06525000000000003,0.15974999999999984,0.1039499999999999
45,1000,0.03599999999999959,-0.13500000000000023,-0.036000000000000476,-0.06300000000000017,-0.036000000000000476,0.061200000000000185
46,10,0.54,-0.3600000000000001,-1.2600000000000002,-0.3600000000000001,3.2399999999999998,1.152
46,200,-0.15300000000000002,0.07199999999999984,-0.06299999999999994,-0.06299999999999994,-0.46799999999999997,0.16379999999999995
46,400,0.018000000000000016,-0.0045000000000001705,0.06300000000000017,0.13050000000000028,0.1755,0.07830000000000012
46,600,0.16800000000000015,0.04800000000000004,-0.07200000000000006,-0.08700000000000019,-0.01200000000000001,0.0774000000000001
46,800,-0.0990000000000002,0.0022500000000000853,-0.042750000000000066,0.09224999999999972,-0.02024999999999988,0.05129999999999999
46,1000,-0.19800000000000018,0.017999999999999572,-0.027000000000000135,-4.440892098500626e-16,0.053999999999999604,0.05939999999999999
47,10,-1.2600000000000002,0.54,-1.2600000000000002,0.54,-0.3600000000000001,0.7920000000000001
47,200,-0.19799999999999995,-0.28800000000000026,-0.1080000000000001,0.2070000000000003,0.252,0.21060000000000012
47,400,0.22050000000000036,-0.13949999999999996,-0.07199999999999962,0.018000000000000016,0.0405000000000002,0.09810000000000003
47,600,0.06299999999999972,-0.2070000000000003,0.21299999999999986,0.04800000000000004,-0.08700000000000019,0.12360000000000002
47,800,0.1822499999999998,0.36224999999999996,-0.02024999999999988,0.03599999999999959,0.09224999999999972,0.13859999999999978
47,1000,0.11699999999999999,-0.3240000000000005,-0.16200000000000014,0.08099999999999996,-0.009000000000000119,0.13860000000000014
48,10,1.4399999999999995,1.4399999999999995,-0.3600000000000001,1.4399999999999995,-1.2600000000000002,1.188
48,200,-0.018000000000000238,-0.42300000000000004,-0.19799999999999995,-0.28800000000000026,-0.15300000000000002,0.2160000000000001
48,400,0.22050000000000036,-0.3194999999999997,0.0405000000000002,-0.1844999999999999,0.2879999999999998,0.21059999999999998
48,600,0.07800000000000007,-0.01200000000000001,-0.08700000000000019,-0.11699999999999999,-0.2070000000000003,0.10020000000000011
48,800,-0.05400000000000027,0.09224999999999972,-0.13275000000000015,0.03599999999999959,-0.02024999999999988,0.06704999999999992
48,1000,0.017999999999999572,-0.0990000000000002,-0.09000000000000008,-0.04500000000000015,-0.07200000000000051,0.06480000000000011
49,10,-0.3600000000000001,-0.3600000000000001,0.54,-1.2600000000000002,-0.3600000000000001,0.5760000000000002
49,200,-0.018000000000000238,-0.5129999999999999,0.027000000000000135,-0.3779999999999999,0.027000000000000135,0.19260000000000005
49,400,-0.07199999999999962,0.13050000000000028,0.15300000000000002,0.15300000000000002,0.4005000000000001,0.18180000000000002
49,600,-0.10200000000000009,-0.04200000000000004,0.21299999999999986,-0.01200000000000001,-0.07200000000000006,0.08820000000000001
49,800,0.03599999999999959,0.04724999999999957,-0.1665000000000001,0.04724999999999957,0.03599999999999959,0.06659999999999969
49,1000,-0.08100000000000018,-0.09000000000000008,-0.0990000000000002,0.10799999999999965,0.07199999999999962,0.08999999999999994
50,10,-0.3600000000000001,-1.2600000000000002,0.54,-0.3600000000000001,-0.3600000000000001,0.5760000000000002
50,200,-0.15300000000000002,0.29700000000000015,0.07199999999999984,-0.46799999999999997,0.5670000000000002,0.3114
50,400,-0.3194999999999997,0.1080000000000001,-0.0045000000000001705,0.22050000000000036,0.08549999999999991,0.14760000000000004
50,600,-0.16200000000000014,0.017999999999999794,-0.10200000000000009,-0.027000000000000135,0.06299999999999972,0.07439999999999998
50,800,0.11474999999999991,0.14849999999999985,0.04724999999999957,0.45225000000000004,-0.03149999999999986,0.15884999999999985
50,1000,0.12599999999999967,-0.08100000000000018,-0.18900000000000028,-0.13500000000000023,-0.027000000000000135,0.1116000000000001
51,10,-0.3600000000000001,-0.3600000000000001,0.54,0.54,1.4399999999999995,0.6479999999999999
51,200,0.29700000000000015,-0.28800000000000026,0.11700000000000021,0.07199999999999984,-0.018000000000000238,0.15840000000000015
51,400,-0.13949999999999996,-0.1844999999999999,-0.20699999999999985,-0.027000000000000135,-0.07199999999999962,0.1259999999999999
51,600,-0.16200000000000014,0.06299999999999972,-0.027000000000000135,0.017999999999999794,0.16800000000000015,0.08759999999999998
51,800,0.06974999999999998,-0.11025000000000018,0.06974999999999998,-0.06525000000000003,-0.1665000000000001,0.09630000000000005
51,1000,-0.17100000000000026,-0.009000000000000119,-0.05400000000000049,-0.06300000000000017,-0.14400000000000035,0.08820000000000028
52,10,-1.2600000000000002,-1.2600000000000002,-0.3600000000000001,-0.3600000000000001,2.3400000000000003,1.1160000000000003
52,200,-0.19799999999999995,0.027000000000000135,0.2070000000000003,0.16199999999999992,0.11700000000000021,0.1422000000000001
52,400,-0.13949999999999996,-0.07199999999999962,0.08549999999999991,0.13050000000000028,-0.09450000000000003,0.10439999999999997
52,600,-0.04200000000000004,-0.31200000000000006,-0.027000000000000135,-0.057000000000000384,-0.027000000000000135,0.09300000000000015
52,800,-0.05400000000000027,0.013499999999999623,0.0022500000000000853,0.0022500000000000853,0.024749999999999828,0.01934999999999998
52,1000,-0.14400000000000035,-0.09000000000000008,0.08099999999999996,-0.08100000000000018,-0.05400000000000049,0.09000000000000022
53,10,-1.2600000000000002,-1.2600000000000002,-0.3600000000000001,-0.3600000000000001,2.3400000000000003,1.1160000000000003
53,200,0.16199999999999992,-0.33299999999999974,0.29700000000000015,-0.1080000000000001,0.5219999999999998,0.28439999999999993
53,400,-0.07199999999999962,0.018000000000000016,-0.22950000000000004,0.08549999999999991,0.15300000000000002,0.11159999999999992
53,600,-0.3270000000000004,-0.3270000000000004,-0.13200000000000012,-0.11699999999999999,-0.13200000000000012,0.2070000000000002
53,800,-0.07650000000000001,-0.13275000000000015,-0.05400000000000027,-0.21150000000000002,-0.18900000000000028,0.13275000000000015
53,1000,-0.17100000000000026,-0.14400000000000035,-0.05400000000000049,-0.04500000000000015,0.11699999999999999,0.10620000000000025
54,10,1.4399999999999995,0.54,1.4399999999999995,-0.3600000000000001,-1.2600000000000002,1.0079999999999998
54,200,-0.1080000000000001,-0.06299999999999994,-0.018000000000000238,-0.19799999999999995,-0.28800000000000026,0.1350000000000001
54,400,0.15300000000000002,-0.0045000000000001705,0.3105000000000002,0.33299999999999996,-0.2519999999999998,0.21060000000000004
54,600,0.1379999999999999,0.07800000000000007,-0.43199999999999994,-0.04200000000000004,0.19799999999999995,0.17759999999999998
54,800,0.03599999999999959,0.14849999999999985,-0.17775000000000007,-0.009000000000000119,0.12599999999999967,0.09944999999999986
54,1000,-0.21600000000000041,0.12599999999999967,0.053999999999999604,0.03599999999999959,-0.19800000000000018,0.1259999999999999
55,10,-1.2600000000000002,1.4399999999999995,-0.3600000000000001,-1.2600000000000002,2.3400000000000003,1.332
55,200,0.29700000000000015,-0.2430000000000001,-0.15300000000000002,-0.19799999999999995,0.11700000000000021,0.20160000000000008
55,400,0.018000000000000016,-0.20699999999999985,-0.20699999999999985,-0.16199999999999992,-0.09450000000000003,0.13769999999999993
55,600,0.017999999999999794,0.07800000000000007,0.06299999999999972,0.04800000000000004,-0.3570000000000002,0.11279999999999997
55,800,-0.13275000000000015,0.11474999999999991,-0.02024999999999988,-0.0990000000000002,0.13724999999999987,0.1008
55,1000,-0.15300000000000025,-0.24300000000000033,-0.07200000000000051,0.11699999999999999,-0.13500000000000023,0.14400000000000027
56,10,-1.2600000000000002,-0.3600000000000001,1.4399999999999995,-0.3600000000000001,-0.3600000000000001,0.756
56,200,-0.28800000000000026,-0.15300000000000002,0.07199999999999984,-0.06299999999999994,-0.33299999999999974,0.18179999999999996
56,400,-0.027000000000000135,-0.07199999999999962,0.26550000000000007,0.1755,-0.04949999999999988,0.11789999999999994
56,600,0.032999999999999696,-0.17700000000000005,-0.2370000000000001,0.16800000000000015,0.07800000000000007,0.1386
56,800,-0.042750000000000066,-0.06525000000000003,0.14849999999999985,0.0022500000000000853,0.14849999999999985,0.08144999999999998
56,1000,0.08099999999999996,0.053999999999999604,0.11699999999999999,-0.11700000000000021,0.04499999999999993,0.08279999999999994
57,10,-1.2600000000000002,3.2399999999999998,-1.2600000000000002,-0.3600000000000001,0.54,1.332
57,200,-0.46799999999999997,-0.19799999999999995,0.027000000000000135,-0.3779999999999999,-0.2430000000000001,0.26280000000000003
57,400,0.1080000000000001,-0.0045000000000001705,0.22050000000000036,0.0405000000000002,0.06300000000000017,0.0873000000000002
57,600,-0.057000000000000384,-0.057000000000000384,0.12299999999999978,0.017999999999999794,0.017999999999999794,0.054600000000000024
57,800,0.22724999999999973,-0.06525000000000003,0.024749999999999828,-0.1665000000000001,0.12599999999999967,0.12194999999999986
57,1000,0.10799999999999965,-0.17100000000000026,-0.17100000000000026,0.08999999999999964,-0.04500000000000015,0.11699999999999999
58,10,1.4399999999999995,-0.3600000000000001,0.54,1.4399999999999995,-0.3600000000000001,0.828
58,200,-0.1080000000000001,-0.1080000000000001,-0.06299999999999994,-0.2430000000000001,0.07199999999999984,0.11880000000000002
58,400,-0.13949999999999996,0.0405000000000002,0.0405000000000002,-0.4544999999999999,-0.16199999999999992,0.16740000000000005
58,600,-0.17700000000000005,0.10799999999999965,0.032999999999999696,0.1379999999999999,-0.13200000000000012,0.11759999999999989
58,800,0.058499999999999774,-0.06525000000000003,0.06974999999999998,0.1822499999999998,-0.05400000000000027,0.08594999999999997
58,1000,-0.19800000000000018,0.04499999999999993,-4.440892098500626e-16,0.2519999999999998,0.03599999999999959,0.10619999999999999
59,10,0.54,-0.3600000000000001,-0.3600000000000001,1.4399999999999995,-0.3600000000000001,0.6119999999999999
59,200,-0.2430000000000001,-0.1080000000000001,0.16199999999999992,-0.46799999999999997,0.387,0.2736
59,400,0.35550000000000015,-0.0045000000000001705,-0.16199999999999992,-0.09450000000000003,-0.3644999999999998,0.1962
59,600,-0.16200000000000014,-0.2370000000000001,0.12299999999999978,0.12299999999999978,0.16800000000000015,0.1626
59,800,0.013499999999999623,0.0022500000000000853,-0.02024999999999988,0.1822499999999998,0.10349999999999993,0.06434999999999987
59,1000,-0.06300000000000017,-0.13500000000000023,-0.36000000000000054,-0.24300000000000033,-0.09000000000000008,0.17820000000000027
60,10,-1.2600000000000002,-1.2600000000000002,0.54,0.54,-1.2600000000000002,0.9720000000000002
60,200,-0.2430000000000001,0.2070000000000003,0.027000000000000135,0.027000000000000135,-0.19799999999999995,0.14040000000000014
60,400,0.08549999999999991,-0.16199999999999992,-0.04949999999999988,-0.027000000000000135,0.018000000000000016,0.06839999999999997
60,600,-0.08700000000000019,-0.16200000000000014,0.12299999999999978,0.06299999999999972,-0.027000000000000135,0.0924
60,800,0.09224999999999972,0.013499999999999623,-0.05400000000000027,-0.14400000000000013,0.0022500000000000853,0.06119999999999996
60,1000,0.053999999999999604,-0.05400000000000049,-0.18000000000000038,-0.18900000000000028,-0.2340000000000002,0.1422000000000002
61,10,-0.3600000000000001,-0.3600000000000001,-0.3600000000000001,2.3400000000000003,2.3400000000000003,1.1520000000000004
61,200,-0.42300000000000004,0.29700000000000015,-0.018000000000000238,-0.19799999999999995,-0.3779999999999999,0.26280000000000003
61,400,-0.16199999999999992,-0.16199999999999992,-0.07199999999999962,-0.04949999999999988,0.19800000000000018,0.1286999999999999
61,600,-0.057000000000000384,-0.2070000000000003,-0.29699999999999993,-0.057000000000000384,-0.10200000000000009,0.1440000000000002
61,800,-0.07650000000000001,0.15974999999999984,-0.22275000000000023,-0.07650000000000001,-0.009000000000000119,0.10890000000000004
61,1000,0.19799999999999973,-0.15300000000000025,-0.17100000000000026,-0.1260000000000001,-0.08100000000000018,0.1458000000000001
62,10,1.4399999999999995,2.3400000000000003,-0.3600000000000001,0.54,-0.3600000000000001,1.008
62,200,-0.06299999999999994,0.027000000000000135,-0.46799999999999997,0.29700000000000015,0.2070000000000003,0.2124000000000001
62,400,0.1080000000000001,-0.0045000000000001705,-0.0045000000000001705,-0.13949999999999996,-0.11699999999999977,0.07470000000000003
62,600,-0.2370000000000001,-0.07200000000000006,-0.04200000000000004,-0.22199999999999998,0.0030000000000001137,0.11520000000000005
62,800,0.03599999999999959,0.03599999999999959,-0.0990000000000002,0.08099999999999996,0.058499999999999774,0.06209999999999982
62,1000,-0.30600000000000027,0.22499999999999987,-0.07200000000000051,-0.09000000000000008,-0.09000000000000008,0.15660000000000016
63,10,1.4399999999999995,0.54,0.54,-1.2600000000000002,-0.3600000000000001,0.828
63,200,0.16199999999999992,-0.1080000000000001,-0.19799999999999995,-0.018000000000000238,-0.6479999999999999,0.22680000000000003
63,400,-0.22950000000000004,0.018000000000000016,0.1080000000000001,0.018000000000000016,0.3780000000000001,0.15030000000000004
63,600,-0.04200000000000004,-0.057000000000000384,-0.11699999999999999,-0.2070000000000003,-0.07200000000000006,0.09900000000000016
63,800,-0.02024999999999988,0.2610000000000001,0.11474999999999991,-0.05400000000000027,0.15974999999999984,0.12195
63,1000,0.026999999999999913,-0.18000000000000038,-0.1260000000000001,-0.027000000000000135,0.008999999999999897,0.07380000000000009
64,10,2.3400000000000003,-0.3600000000000001,2.3400000000000003,1.4399999999999995,1.4399999999999995,1.584
64,200,-0.2430000000000001,0.027000000000000135,-0.1080000000000001,0.11700000000000021,0.07199999999999984,0.11340000000000008
64,400,-0.07199999999999962,0.08549999999999991,0.018000000000000016,-0.1844999999999999,-0.04949999999999988,0.08189999999999986
64,600,-0.04200000000000004,0.1529999999999998,0.18299999999999983,0.22799999999999976,0.032999999999999696,0.12779999999999983
64,800,0.058499999999999774,-0.11025000000000018,0.13724999999999987,0.04724999999999957,0.03599999999999959,0.0778499999999998
64,1000,0.08099999999999996,-0.0990000000000002,-0.08100000000000018,-0.0990000000000002,-0.09000000000000008,0.09000000000000012
65,10,0.54,-0.3600000000000001,0.54,1.4399999999999995,1.4399999999999995,0.8639999999999999
65,200,-0.28800000000000026,-0.06299999999999994,-0.2430000000000001,-0.2430000000000001,0.07199999999999984,0.18180000000000004
65,400,0.08549999999999991,-0.04949999999999988,0.08549999999999991,-0.07199999999999962,-0.13949999999999996,0.08639999999999985
65,600,0.1529999999999998,-0.11699999999999999,-0.10200000000000009,-0.04200000000000004,0.24299999999999988,0.13139999999999996
65,800,0.17100000000000004,-0.03149999999999986,0.058499999999999774,0.15974999999999984,-0.13275000000000015,0.11069999999999994
65,1000,-0.08100000000000018,-0.21600000000000041,-0.17100000000000026,-0.1260000000000001,-0.07200000000000051,0.1332000000000003
66,10,0.54,-0.3600000000000001,-1.2600000000000002,-0.3600000000000001,2.3400000000000003,0.9720000000000002
66,200,0.07199999999999984,-0.06299999999999994,-0.5579999999999998,-0.28800000000000026,-0.15300000000000002,0.22679999999999997
66,400,-0.04949999999999988,-0.0045000000000001705,0.1080000000000001,-0.027000000000000135,0.1080000000000001,0.05940000000000008
66,600,-0.027000000000000135,-0.19200000000000017,-0.22199999999999998,-0.027000000000000135,-0.29699999999999993,0.15300000000000008
66,800,0.0022500000000000853,-0.07650000000000001,0.2835000000000001,-0.11025000000000018,0.024749999999999828,0.09945000000000004
66,1000,-4.440892098500626e-16,0.07199999999999962,0.053999999999999604,-0.16200000000000014,-0.11700000000000021,0.081
67,10,0.54,-0.3600000000000001,0.54,0.54,1.4399999999999995,0.6839999999999999
67,200,0.16199999999999992,-0.33299999999999974,-0.33299999999999974,0.11700000000000021,0.027000000000000135,0.19439999999999996
67,400,-0.0045000000000001705,-0.027000000000000135,0.08549999999999991,-0.04949999999999988,-0.16199999999999992,0.06570000000000001
67,600,-0.057000000000000384,-0.14700000000000024,0.1379999999999999,-0.29699999999999993,0.06299999999999972,0.14040000000000002
67,800,-0.06525000000000003,-0.05400000000000027,-0.13275000000000015,-0.14400000000000013,-0.17775000000000007,0.11475000000000013
67,1000,-0.24300000000000033,-0.13500000000000023,0.06299999999999994,-0.06300000000000017,-0.05400000000000049,0.11160000000000023
68,10,3.2399999999999998,-1.2600000000000002,-0.3600000000000001,0.54,-1.2600000000000002,1.332
68,200,-0.2430000000000001,-0.1080000000000001,0.6120000000000001,-0.018000000000000238,-0.33299999999999974,0.26280000000000003
68,400,0.06300000000000017,0.06300000000000017,0.06300000000000017,0.1080000000000001,-0.16199999999999992,0.0918000000000001
68,600,0.16800000000000015,-0.2670000000000001,-0.16200000000000014,-0.2520000000000002,-0.2370000000000001,0.21720000000000014
68,800,-0.08775000000000022,0.1822499999999998,-0.2565000000000002,0.08099999999999996,0.0022500000000000853,0.12195000000000004
68,1000,0.008999999999999897,-0.04500000000000015,-0.06300000000000017,-0.2250000000000003,0.22499999999999987,0.11340000000000008
69,10,2.3400000000000003,0.54,-1.2600000000000002,0.54,-0.3600000000000001,1.0080000000000002
69,200,-0.06299999999999994,0.29700000000000015,0.387,0.07199999999999984,-0.2430000000000001,0.2124
69,400,-0.09450000000000003,0.13050000000000028,-0.09450000000000003,-0.07199999999999962,0.13050000000000028,0.10440000000000005
69,600,-0.2070000000000003,-0.10200000000000009,-0.027000000000000135,-0.11699999999999999,0.06299999999999972,0.10320000000000004
69,800,-0.02024999999999988,0.09224999999999972,-0.11025000000000018,0.04724999999999957,-0.042750000000000066,0.06254999999999988
69,1000,-0.14400000000000035,-4.440892098500626e-16,-0.13500000000000023,-0.01800000000000046,-0.009000000000000119,0.061200000000000324
70,10,-0.3600000000000001,1.4399999999999995,-1.2600000000000002,-0.3600000000000001,-0.3600000000000001,0.756
70,200,0.2070000000000003,-0.06299999999999994,0.11700000000000021,0.07199999999999984,0.252,0.14220000000000005
70,400,-0.0045000000000001705,0.0405000000000002,0.08549999999999991,0.018000000000000016,0.22050000000000036,0.07380000000000013
70,600,-0.11699999999999999,-0.057000000000000384,-0.14700000000000024,0.33299999999999996,-0.027000000000000135,0.13620000000000015
70,800,0.058499999999999774,-0.03149999999999986,-0.11025000000000018,-0.042750000000000066,0.12599999999999967,0.07379999999999991
70,1000,-0.08100000000000018,0.008999999999999897,0.12599999999999967,0.06299999999999994,-0.01800000000000046,0.05940000000000003
71,10,-1.2600000000000002,-0.3600000000000001,-0.3600000000000001,0.54,-0.3600000000000001,0.5760000000000002
71,200,0.027000000000000135,-0.06299999999999994,0.2070000000000003,0.657,0.07199999999999984,0.20520000000000005
71,400,-0.027000000000000135,-0.09450000000000003,-0.1844999999999999,-0.22950000000000004,-0.3869999999999998,0.18449999999999997
71,600,0.1529999999999998,-0.492,0.06299999999999972,0.032999999999999696,-0.10200000000000009,0.16859999999999986
71,800,-0.009000000000000119,0.06974999999999998,0.013499999999999623,-0.08775000000000022,0.11474999999999991,0.05894999999999997
71,1000,-0.13500000000000023,0.017999999999999572,-0.14400000000000035,-0.2070000000000003,-0.08100000000000018,0.11700000000000013
72,10,0.54,1.4399999999999995,1.4399999999999995,0.54,0.54,0.8999999999999998
72,200,0.07199999999999984,-0.1080000000000001,0.07199999999999984,-0.5129999999999999,0.16199999999999992,0.18539999999999993
72,400,-0.07199999999999962,0.0405000000000002,0.06300000000000017,-0.13949999999999996,-0.07199999999999962,0.07739999999999991
72,600,-0.14700000000000024,-0.2370000000000001,0.09299999999999997,-0.027000000000000135,0.1379999999999999,0.12840000000000007
72,800,0.058499999999999774,0.058499999999999774,0.1822499999999998,-0.02024999999999988,-0.11025000000000018,0.08594999999999989
72,1000,-0.08100000000000018,-0.18000000000000038,-0.09000000000000008,-0.0990000000000002,-0.027000000000000135,0.09540000000000019
73,10,-0.3600000000000001,1.4399999999999995,0.54,1.4399999999999995,1.4399999999999995,1.0439999999999998
73,200,0.11700000000000021,-0.06299999999999994,-0.06299999999999994,0.11700000000000021,-0.15300000000000002,0.10260000000000007
73,400,0.4005000000000001,-0.027000000000000135,-0.29699999999999993,0.13050000000000028,0.018000000000000016,0.1746000000000001
73,600,-0.2070000000000003,0.032999999999999696,-0.08700000000000019,0.06299999999999972,0.032999999999999696,0.08459999999999993
73,800,0.22724999999999973,0.058499999999999774,0.08099999999999996,0.024749999999999828,-0.11025000000000018,0.1003499999999999
73,1000,-0.11700000000000021,-0.036000000000000476,-0.08100000000000018,-0.11700000000000021,0.03599999999999959,0.07740000000000014
74,10,-0.3600000000000001,0.54,2.3400000000000003,-1.2600000000000002,-0.3600000000000001,0.9720000000000001
74,200,-0.2430000000000001,0.387,0.11700000000000021,-0.06299999999999994,-0.06299999999999994,0.17460000000000003
74,400,0.0405000000000002,0.06300000000000017,-0.027000000000000135,-0.13949999999999996,0.018000000000000016,0.057600000000000096
74,600,-0.027000000000000135,-0.11699999999999999,-0.01200000000000001,-0.08700000000000019,-0.057000000000000384,0.060000000000000143
74,800,-0.0990000000000002,-0.1552500000000001,0.1822499999999998,0.11474999999999991,0.19349999999999978,0.14894999999999997
74,1000,0.08999999999999964,-0.11700000000000021,-0.10800000000000032,-0.19800000000000018,0.07199999999999962,0.11699999999999999
75,10,-0.3600000000000001,-1.2600000000000002,1.4399999999999995,0.54,-1.2600000000000002,0.9719999999999999
75,200,-0.06299999999999994,-0.018000000000000238,0.387,0.252,0.16199999999999992,0.17640000000000003
75,400,0.1080000000000001,-0.04949999999999988,-0.07199999999999962,-0.04949999999999988,-0.027000000000000135,0.06119999999999992
75,600,-0.057000000000000384,0.18299999999999983,-0.17700000000000005,-0.01200000000000001,0.16800000000000015,0.11940000000000009
75,800,-0.0990000000000002,-0.1552500000000001,0.04724999999999957,-0.14400000000000013,-0.02024999999999988,0.09314999999999998
75,1000,-0.15300000000000025,-0.10800000000000032,-0.10800000000000032,0.03599999999999959,-0.06300000000000017,0.09360000000000013
76,10,0.54,-0.3600000000000001,-1.2600000000000002,0.54,-0.3600000000000001,0.6120000000000001
76,200,-0.28800000000000026,-0.46799999999999997,-0.3779999999999999,-0.018000000000000238,-0.5579999999999998,0.342
76,400,-0.2745000000000002,0.19800000000000018,0.1080000000000001,-0.0045000000000001705,-0.16199999999999992,0.14940000000000012
76,600,-0.29699999999999993,-0.01200000000000001,-0.10200000000000009,0.21299999999999986,0.017999999999999794,0.12839999999999993
76,800,0.06974999999999998,0.0022500000000000853,-0.009000000000000119,0.024749999999999828,0.3059999999999998,0.08234999999999996
76,1000,-0.11700000000000021,0.017999999999999572,-0.36000000000000054,-0.13500000000000023,-0.07200000000000051,0.14040000000000022
77,10,0.54,3.2399999999999998,0.54,0.54,1.4399999999999995,1.26
77,200,0.11700000000000021,-0.5129999999999999,-0.19799999999999995,-0.2430000000000001,-0.06299999999999994,0.22680000000000003
77,400,0.24300000000000033,0.08549999999999991,0.1080000000000001,0.24300000000000033,-0.29699999999999993,0.1953000000000001
77,600,-0.07200000000000006,0.10799999999999965,-0.07200000000000006,-0.16200000000000014,-0.10200000000000009,0.1032
77,800,0.0022500000000000853,0.013499999999999623,0.04724999999999957,0.19349999999999978,0.0022500000000000853,0.05174999999999983
77,1000,-0.06300000000000017,-0.027000000000000135,0.07199999999999962,-0.027000000000000135,-0.08100000000000018,0.05400000000000005
78,10,2.3400000000000003,0.54,-0.3600000000000001,-1.2600000000000002,-0.3600000000000001,0.9720000000000001
78,200,-0.2430000000000001,0.11700000000000021,-0.33299999999999974,0.29700000000000015,0.2070000000000003,0.2394000000000001
78,400,0.06300000000000017,-0.3644999999999998,-0.0045000000000001705,-0.0045000000000001705,0.33299999999999996,0.15390000000000006
78,600,-0.027000000000000135,-0.027000000000000135,-0.027000000000000135,-0.07200000000000006,0.10799999999999965,0.052200000000000024
78,800,0.13724999999999987,0.024749999999999828,0.0022500000000000853,-0.06525000000000003,0.11474999999999991,0.06884999999999994
78,1000,-0.15300000000000025,-0.15300000000000025,-0.08100000000000018,-0.18900000000000028,0.08099999999999996,0.13140000000000018
79,10,0.54,-0.3600000000000001,-0.3600000000000001,1.4399999999999995,0.54,0.6479999999999999
79,200,-0.19799999999999995,-0.15300000000000002,0.027000000000000135,0.16199999999999992,0.07199999999999984,0.12239999999999998
79,400,-0.04949999999999988,-0.027000000000000135,0.1755,0.24300000000000033,-0.027000000000000135,0.10440000000000009
79,600,0.1529999999999998,-0.13200000000000012,-0.11699999999999999,0.0030000000000001137,-0.11699999999999999,0.1044
79,800,-0.17775000000000007,0.20475,-0.07650000000000001,0.2722499999999999,-0.1665000000000001,0.17955000000000002
79,1000,-0.17100000000000026,-0.08100000000000018,-0.009000000000000119,-0.08100000000000018,-0.009000000000000119,0.07020000000000018
80,10,-1.2600000000000002,-1.2600000000000002,-0.3600000000000001,-0.3600000000000001,0.54,0.7560000000000002
80,200,0.252,-0.46799999999999997,0.11700000000000021,0.3420000000000001,-0.5129999999999999,0.33840000000000003
80,400,-0.20699999999999985,0.0405000000000002,0.13050000000000028,-0.2519999999999998,-0.11699999999999977,0.14939999999999998
80,600,-0.08700000000000019,0.31800000000000006,0.04800000000000004,0.10799999999999965,-0.08700000000000019,0.12960000000000002
80,800,-0.1665000000000001,0.0022500000000000853,-0.03149999999999986,-0.08775000000000022,-0.08775000000000022,0.07515000000000009
80,1000,-0.06300000000000017,-4.440892098500626e-16,-0.18000000000000038,-0.027000000000000135,-0.06300000000000017,0.06660000000000026
81,10,-0.3600000000000001,-0.3600000000000001,-1.2600000000000002,-0.3600000000000001,0.54,0.5760000000000002
81,200,-0.018000000000000238,-0.15300000000000002,-0.42300000000000004,-0.2430000000000001,-0.15300000000000002,0.1980000000000001
81,400,-0.0045000000000001705,0.22050000000000036,-0.13949999999999996,0.22050000000000036,0.0405000000000002,0.1251000000000002
81,600,0.16800000000000015,-0.10200000000000009,-0.16200000000000014,-0.057000000000000384,-0.04200000000000004,0.10620000000000016
81,800,-0.08775000000000022,0.013499999999999623,0.0022500000000000853,-0.18900000000000028,0.04724999999999957,0.06794999999999995
81,1000,0.07199999999999962,-0.08100000000000018,0.03599999999999959,0.2519999999999998,0.03599999999999959,0.09539999999999975
82,10,0.54,0.54,-0.3600000000000001,-1.2600000000000002,2.3400000000000003,1.0080000000000002
82,200,-0.3779999999999999,-0.15300000000000002,0.027000000000000135,-0.15300000000000002,-0.19799999999999995,0.18180000000000002
82,400,-0.1844999999999999,0.15300000000000002,-0.11699999999999977,-0.09450000000000003,-0.1844999999999999,0.1466999999999999
82,600,-0.2370000000000001,-0.2670000000000001,0.18299999999999983,0.1379999999999999,-0.2370000000000001,0.2124
82,800,0.13724999999999987,-0.042750000000000066,-0.009000000000000119,0.058499999999999774,0.04724999999999957,0.05894999999999988
82,1000,-0.14400000000000035,-0.027000000000000135,0.017999999999999572,0.08099999999999996,-0.24300000000000033,0.10260000000000007
83,10,-0.3600000000000001,-0.3600000000000001,0.54,-0.3600000000000001,-0.3600000000000001,0.3960000000000001
83,200,-0.19799999999999995,0.07199999999999984,-0.1080000000000001,0.027000000000000135,-0.15300000000000002,0.1116
83,400,-0.027000000000000135,-0.04949999999999988,-0.16199999999999992,0.24300000000000033,-0.49949999999999983,0.1962
83,600,0.0030000000000001137,0.12299999999999978,-0.13200000000000012,-0.40200000000000014,-0.13200000000000012,0.15840000000000004
83,800,0.013499999999999623,-0.02024999999999988,0.22724999999999973,0.14849999999999985,-0.042750000000000066,0.09044999999999984
83,1000,-0.10800000000000032,-0.18900000000000028,0.008999999999999897,-0.2250000000000003,-0.06300000000000017,0.1188000000000002
84,10,4.139999999999999,0.54,-0.3600000000000001,0.54,1.4399999999999995,1.4039999999999997
84,200,-0.6929999999999998,-0.018000000000000238,-0.28800000000000026,0.07199999999999984,-0.2430000000000001,0.26280000000000003
84,400,0.08549999999999991,-0.4544999999999999,-0.027000000000000135,0.13050000000000028,0.018000000000000016,0.14310000000000006
84,600,0.1529999999999998,-0.08700000000000019,-0.10200000000000009,0.18299999999999983,-0.2070000000000003,0.14640000000000003
84,800,-0.3015000000000001,0.10349999999999993,0.10349999999999993,-0.12150000000000016,0.10349999999999993,0.1467
84,1000,-0.01800000000000046,0.008999999999999897,0.06299999999999994,-0.18900000000000028,-0.19800000000000018,0.09540000000000015
85,10,1.4399999999999995,-0.3600000000000001,2.3400000000000003,2.3400000000000003,1.4399999999999995,1.584
85,200,0.16199999999999992,-0.15300000000000002,0.2070000000000003,-0.2430000000000001,0.29700000000000015,0.2124000000000001
85,400,0.19800000000000018,-0.04949999999999988,-0.04949999999999988,0.1080000000000001,-0.13949999999999996,0.1089
85,600,-0.2070000000000003,0.017999999999999794,-0.01200000000000001,-0.08700000000000019,0.0030000000000001137,0.06540000000000008
85,800,0.013499999999999623,0.14849999999999985,-0.1665000000000001,0.1822499999999998,0.013499999999999623,0.1048499999999998
85,1000,-0.14400000000000035,-0.16200000000000014,-0.2250000000000003,-0.07200000000000051,-4.440892098500626e-16,0.12060000000000035
86,10,-0.3600000000000001,0.54,-0.3600000000000001,0.54,1.4399999999999995,0.6479999999999999
86,200,-0.46799999999999997,0.07199999999999984,-0.1080000000000001,-0.3779999999999999,-0.19799999999999995,0.24479999999999996
86,400,-0.0045000000000001705,-0.09450000000000003,-0.22950000000000004,0.08549999999999991,0.06300000000000017,0.09540000000000007
86,600,-0.17700000000000005,0.032999999999999696,-0.17700000000000005,-0.10200000000000009,-0.057000000000000384,0.10920000000000005
86,800,0.0022500000000000853,0.12599999999999967,-0.07650000000000001,-0.03149999999999986,-0.12150000000000016,0.07154999999999996
86,1000,-0.26100000000000034,0.008999999999999897,-0.05400000000000049,-0.036000000000000476,-0.0990000000000002,0.09180000000000028
87,10,0.54,0.54,2.3400000000000003,-0.3600000000000001,0.54,0.8640000000000001
87,200,0.29700000000000015,-0.06299999999999994,-0.5579999999999998,-0.5579999999999998,-0.15300000000000002,0.3258
87,400,0.018000000000000016,0.08549999999999991,0.13050000000000028,0.06300000000000017,0.13050000000000028,0.08550000000000013
87,600,-0.17700000000000005,-0.11699999999999999,-0.14700000000000024,-0.22199999999999998,-0.057000000000000384,0.14400000000000013
87,800,0.06974999999999998,-0.009000000000000119,-0.12150000000000016,-0.14400000000000013,0.19349999999999978,0.10755000000000003
87,1000,-4.440892098500626e-16,-0.15300000000000025,0.10799999999999965,0.06299999999999994,0.135,0.09180000000000006
88,10,-0.3600000000000001,0.54,-0.3600000000000001,-0.3600000000000001,-1.2600000000000002,0.5760000000000002
88,200,0.11700000000000021,-0.33299999999999974,-0.018000000000000238,0.2070000000000003,0.2070000000000003,0.17640000000000017
88,400,-0.13949999999999996,-0.13949999999999996,0.13050000000000028,0.2879999999999998,0.1755,0.1746
88,600,0.07800000000000007,-0.2520000000000002,-0.04200000000000004,-0.22199999999999998,-0.14700000000000024,0.1482000000000001
88,800,0.11474999999999991,-0.18900000000000028,-0.1665000000000001,-0.21150000000000002,-0.03149999999999986,0.14265000000000003
88,1000,0.026999999999999913,0.08099999999999996,0.04499999999999993,-0.08100000000000018,0.03599999999999959,0.053999999999999916
89,10,-1.2600000000000002,-0.3600000000000001,-0.3600000000000001,0.54,1.4399999999999995,0.792
89,200,0.16199999999999992,-0.1080000000000001,-0.19799999999999995,0.387,-0.15300000000000002,0.2016
89,400,0.06300000000000017,-0.2519999999999998,0.06300000000000017,0.06300000000000017,-0.11699999999999977,0.1116
89,600,0.18299999999999983,-0.01200000000000001,-0.07200000000000006,0.1379999999999999,-0.22199999999999998,0.12539999999999996
89,800,-0.03149999999999986,-0.042750000000000066,0.20475,-0.1552500000000001,0.11474999999999991,0.10979999999999998
89,1000,-0.16200000000000014,-0.21600000000000041,-0.2340000000000002,-0.0990000000000002,0.3059999999999998,0.20340000000000016
90,10,-0.3600000000000001,-1.2600000000000002,-0.3600000000000001,1.4399999999999995,0.54,0.792
90,200,-0.15300000000000002,-0.28800000000000026,-0.018000000000000238,-0.46799999999999997,0.07199999999999984,0.19980000000000006
90,400,0.08549999999999991,-0.0045000000000001705,-0.0045000000000001705,0.22050000000000036,0.13050000000000028,0.08910000000000018
90,600,-0.5220000000000002,0.12299999999999978,-0.057000000000000384,-0.3570000000000002,-0.04200000000000004,0.22020000000000012
90,800,0.17100000000000004,-0.07650000000000001,0.04724999999999957,-0.0990000000000002,-0.17775000000000007,0.11429999999999998
90,1000,0.008999999999999897,-0.009000000000000119,-0.2070000000000003,-0.2340000000000002,-0.036000000000000476,0.0990000000000002
91,10,-1.2600000000000002,2.3400000000000003,-1.2600000000000002,0.54,1.4399999999999995,1.368
91,200,-0.46799999999999997,0.16199999999999992,-0.19799999999999995,-0.06299999999999994,-0.28800000000000026,0.2358
91,400,-0.09450000000000003,-0.16199999999999992,-0.0045000000000001705,-0.027000000000000135,-0.11699999999999977,0.081
91,600,0.04800000000000004,-0.027000000000000135,-0.08700000000000019,0.07800000000000007,0.04800000000000004,0.057600000000000096
91,800,-0.02024999999999988,-0.02024999999999988,-0.03149999999999986,0.0022500000000000853,-0.009000000000000119,0.016649999999999963
91,1000,-0.15300000000000025,0.026999999999999913,-0.2340000000000002,-0.009000000000000119,-0.027000000000000135,0.09000000000000012
92,10,1.4399999999999995,-0.3600000000000001,0.54,0.54,1.4399999999999995,0.8639999999999999
92,200,-0.2430000000000001,-0.19799999999999995,-0.018000000000000238,-0.2430000000000001,0.027000000000000135,0.1458000000000001
92,400,-0.29699999999999993,0.13050000000000028,-0.22950000000000004,0.13050000000000028,-0.09450000000000003,0.1764000000000001
92,600,-0.057000000000000384,-0.027000000000000135,-0.057000000000000384,-0.11699999999999999,0.10799999999999965,0.07320000000000011
92,800,-0.07650000000000001,-0.18900000000000028,0.11474999999999991,-0.13275000000000015,0.058499999999999774,0.11430000000000003
92,1000,0.14399999999999968,-0.10800000000000032,0.017999999999999572,0.08999999999999964,-0.08100000000000018,0.08819999999999988
93,10,-1.2600000000000002,-0.3600000000000001,1.4399999999999995,-0.3600000000000001,-1.2600000000000002,0.9359999999999999
93,200,0.29700000000000015,-0.2430000000000001,0.027000000000000135,0.16199999999999992,0.16199999999999992,0.17820000000000005
93,400,0.24300000000000033,-0.13949999999999996,0.3105000000000002,-0.0045000000000001705,0.24300000000000033,0.1881000000000002
93,600,-0.027000000000000135,-0.2370000000000001,-0.11699999999999999,-0.01200000000000001,-0.31200000000000006,0.14100000000000007
93,800,-0.07650000000000001,0.058499999999999774,-0.03149999999999986,0.024749999999999828,-0.1665000000000001,0.07154999999999992
93,1000,-0.07200000000000051,-0.21600000000000041,0.06299999999999994,-0.09000000000000008,0.1619999999999997,0.12060000000000012
94,10,1.4399999999999995,1.4399999999999995,0.54,-1.2600000000000002,-1.2600000000000002,1.188
94,200,0.2070000000000003,-0.2430000000000001,-0.15300000000000002,0.3420000000000001,-0.15300000000000002,0.2196000000000001
94,400,-0.13949999999999996,-0.027000000000000135,-0.3644999999999998,0.2879999999999998,0.018000000000000016,0.16739999999999994
94,600,0.09299999999999997,-0.2520000000000002,-0.16200000000000014,-0.31200000000000006,-0.3420000000000001,0.2322000000000001
94,800,-0.08775000000000022,-0.02024999999999988,0.08099999999999996,0.04724999999999957,0.14849999999999985,0.0769499999999999
94,1000,-0.16200000000000014,-0.18000000000000038,-0.19800000000000018,-0.17100000000000026,-0.14400000000000035,0.17100000000000026
95,10,-1.2600000000000002,0.54,-0.3600000000000001,0.54,0.54,0.648
95,200,-0.1080000000000001,0.11700000000000021,-0.15300000000000002,0.027000000000000135,-0.018000000000000238,0.08460000000000015
95,400,-0.2745000000000002,0.1080000000000001,-0.22950000000000004,0.24300000000000033,-0.4544999999999999,0.26190000000000013
95,600,0.18299999999999983,-0.19200000000000017,0.06299999999999972,0.1379999999999999,0.04800000000000004,0.12479999999999994
95,800,-0.22275000000000023,-0.009000000000000119,0.10349999999999993,-0.17775000000000007,-0.009000000000000119,0.10440000000000009
95,1000,-0.18000000000000038,-0.01800000000000046,-0.19800000000000018,-0.0990000000000002,-0.027000000000000135,0.10440000000000027
96,10,0.54,0.54,0.54,0.54,-1.2600000000000002,0.684
96,200,-0.2430000000000001,-0.018000000000000238,-0.1080000000000001,0.16199999999999992,-0.06299999999999994,0.11880000000000006
96,400,-0.13949999999999996,0.1755,0.1755,0.1755,-0.16199999999999992,0.16559999999999997
96,600,0.032999999999999696,0.06299999999999972,-0.40200000000000014,-0.28200000000000025,-0.2670000000000001,0.20939999999999998
96,800,-0.02024999999999988,-0.11025000000000018,-0.31274999999999986,0.1822499999999998,-0.05400000000000027,0.1359
96,1000,-0.04500000000000015,0.12599999999999967,-0.0990000000000002,0.026999999999999913,0.017999999999999572,0.0629999999999999
97,10,-1.2600000000000002,-0.3600000000000001,-0.3600000000000001,0.54,1.4399999999999995,0.792
97,200,-0.603,-0.06299999999999994,-0.1080000000000001,0.027000000000000135,-0.28800000000000026,0.21780000000000008
97,400,-0.2745000000000002,-0.11699999999999977,0.19800000000000018,-0.29699999999999993,-0.11699999999999977,0.20069999999999996
97,600,-0.22199999999999998,-0.11699999999999999,-0.13200000000000012,-0.07200000000000006,-0.027000000000000135,0.11400000000000006
97,800,-0.03149999999999986,-0.12150000000000016,-0.08775000000000022,0.24975000000000014,0.08099999999999996,0.11430000000000007
97,1000,-0.1260000000000001,-0.18900000000000028,-0.21600000000000041,-0.11700000000000021,-0.1260000000000001,0.15480000000000022
98,10,-0.3600000000000001,-0.3600000000000001,0.54,1.4399999999999995,3.2399999999999998,1.188
98,200,-0.2430000000000001,-0.1080000000000001,-0.3779999999999999,-0.42300000000000004,0.07199999999999984,0.2448
98,400,-0.13949999999999996,-0.20699999999999985,0.22050000000000036,0.2879999999999998,0.26550000000000007,0.22410000000000002
98,600,-0.28200000000000025,0.06299999999999972,-0.04200000000000004,0.06299999999999972,-0.14700000000000024,0.11939999999999999
98,800,-0.009000000000000119,0.1822499999999998,-0.14400000000000013,-0.07650000000000001,-0.06525000000000003,0.09540000000000001
98,1000,-0.10800000000000032,-0.17100000000000026,-0.14400000000000035,-0.09000000000000008,-0.06300000000000017,0.11520000000000023
99,10,0.54,-0.3600000000000001,-1.2600000000000002,0.54,0.54,0.648
99,200,-0.46799999999999997,-0.28800000000000026,0.11700000000000021,-0.3779999999999999,-0.1080000000000001,0.2718000000000001
99,400,0.1080000000000001,-0.13949999999999996,0.08549999999999991,0.1755,-0.16199999999999992,0.13409999999999997
99,600,-0.057000000000000384,-0.01200000000000001,-0.07200000000000006,0.0030000000000001137,-0.08700000000000019,0.04620000000000015
99,800,-0.02024999999999988,-0.02024999999999988,0.12599999999999967,-0.042750000000000066,0.15974999999999984,0.07379999999999987
99,1000,-0.1260000000000001,-0.26100000000000034,-0.07200000000000051,-0.24300000000000033,-4.440892098500626e-16,0.14040000000000036
100,10,0.54,0.54,0.54,-1.2600000000000002,0.54,0.684
100,200,0.07199999999999984,0.027000000000000135,0.027000000000000135,0.07199999999999984,-0.06299999999999994,0.05219999999999998
100,400,-0.13949999999999996,-0.34199999999999986,-0.16199999999999992,-0.027000000000000135,0.08549999999999991,0.15119999999999995
100,600,0.10799999999999965,0.09299999999999997,-0.16200000000000014,0.0030000000000001137,-0.14700000000000024,0.10260000000000002
100,800,0.20475,-0.2677500000000004,0.013499999999999623,0.013499999999999623,-0.05400000000000027,0.11069999999999998
100,1000,-0.0990000000000002,-0.17100000000000026,-0.08100000000000018,-0.009000000000000119,-0.0990000000000002,0.09180000000000019
